folder,name,gtfs_match,gtfs_stop_id,gtfs_stop_name,dist_gtfs_point_m,n_vertices,centroid_lat,centroid_lon,area_m2,mar_length_m,mar_width_m,aspect_ratio,rect_fill,bearing_mar_deg,bearing_pca_area_deg,elongation_pca,line_bearing_shape_proj_deg,dist_centroid_to_track_m,diff_pca_vs_track_deg,bearing_longest_edge_deg,longest_edge_m,bbox_w_m,bbox_h_m,line_bearing_kml_seg_deg,diff_kml_seg_deg
Line 1,Pantitlan,exacto+linea,0200L1-PANTITLAN,Pantitlán,29.2,31,19.4163995,-99.0744714,9548.6,260.1,116.3,2.24,0.316,7.6,27.0,1.51,,,,7.6,259.4,147.2,258.7,8.8,1.2
Line 1,Zaragoza,exacto+linea,0200L1-ZARAGOZA,Zaragoza,45.1,41,19.412303,-99.0824286,8701.3,177.9,174.2,1.02,0.281,59.5,3.3,1.35,,,,121.4,81.2,152.3,234.4,120.5,61.0
Line 1,Gomez Farias,exacto+linea,0200L1-GOMEZFARIAS,Gómez Farías,5.8,28,19.4164339,-99.0901841,4554.2,149.9,108.3,1.38,0.281,83.2,94.0,1.29,,,,120.8,62.6,148.5,119.7,120.5,37.3
Line 1,Bulevar Puerto Aereo,SIN MATCH,,,,77,19.4199207,-99.0963318,7086.1,186.4,155.5,1.2,0.244,68.4,29.0,1.73,,,,27.8,73.8,161.1,189.6,119.7,51.3
Line 1,Balbuena,exacto+linea,0200L1-BALBUENA,Balbuena,24.9,28,19.4231619,-99.1026591,4485.7,140.1,93.0,1.51,0.344,145.6,124.6,1.52,,,,117.7,69.9,139.3,107.5,117.7,27.9
Line 1,Moctezuma,exacto-nombre/otra-linea,0200L1_MOCTEZUMA,Moctezuma,21.2,43,19.4267057,-99.1096687,4081.0,142.2,86.2,1.65,0.333,92.5,115.6,1.81,,,,118.4,67.9,139.7,88.6,117.7,25.2
Line 1,San Lazaro,exacto+linea,0200L1-SANLAZARO,San Lázaro,2.9,14,19.4300852,-99.1142649,3567.5,156.5,55.8,2.81,0.409,144.8,157.1,4.39,157.7,0.6,0.6,157.6,62.4,79.0,152.6,154.3,9.5
Line 1,Candelaria,exacto+linea,0200L1-CANDELARIA,Candelaria,14.6,34,19.4296667,-99.1208743,5230.4,166.9,46.4,3.59,0.675,0.8,178.5,3.59,2.3,3.3,3.8,2.6,74.9,47.4,167.3,1.0,0.2
Line 1,Merced,exacto+linea,0200L1-MERCED,Merced,46.3,32,19.4253907,-99.1246016,3859.6,153.6,41.5,3.7,0.605,100.0,100.4,5.29,101.3,1.8,0.9,100.7,61.6,154.9,58.1,98.2,1.8
Line 1,Pino Suarez,exacto+linea,0200L1-PINOSUAREZ,Pino Suárez,26.3,48,19.4259058,-99.1328902,5529.8,145.7,94.1,1.55,0.403,118.9,113.1,1.76,94.7,4.1,18.4,95.7,84.4,152.7,114.8,95.6,23.3
Line 1,Isabel la Catolica,exacto+linea,0200L1-ISABELLACA,Isabel la Católica,16.8,26,19.4263609,-99.1379875,4199.7,148.3,89.5,1.66,0.317,75.9,96.2,1.71,,,,96.1,72.0,153.9,97.7,95.6,19.7
Line 1,Chapultepec,exacto+linea,0200L1-CHAPULTEPEC,Chapultepec ,52.3,48,19.4206667,-99.1769101,5966.6,205.3,107.9,1.9,0.269,53.2,79.0,2.57,75.2,2.3,3.8,78.6,68.0,218.6,122.9,84.5,31.3
Line 1,Salto del Agua,exacto+linea,0200L1-SALTODELAGUA,Salto del Agua,13.4,16,19.426927,-99.1435352,4638.1,159.0,72.3,2.2,0.404,96.4,98.5,2.66,90.9,3.6,7.6,96.6,102.4,159.7,77.1,96.0,0.4
Line 1,Balderas,exacto+linea,0200L1-BALDERAS,Balderas,22.4,46,19.4270203,-99.1492677,6328.2,172.8,102.2,1.69,0.358,82.1,75.3,1.99,80.2,3.7,4.9,75.8,53.0,171.6,104.6,74.1,8.0
Line 1,Cuauhtemoc,exacto+linea,0200L1-CUAUHTEMOC,Cuauhtémoc,2.1,23,19.4256426,-99.1545917,4468.1,143.1,86.1,1.66,0.363,49.4,77.5,1.81,76.1,2.1,1.4,76.4,55.4,154.9,87.9,76.3,26.9
Line 1,Insurgentes,exacto+linea,0200L1-INSURGENTES,Insurgentes,3.1,46,19.423622,-99.1632936,3608.4,159.3,48.6,3.28,0.466,63.7,74.0,4.88,,,,74.7,61.3,157.9,60.8,76.3,12.6
Line 1,Sevilla,exacto+linea,0200L1-SEVILLA,Sevilla,26.1,25,19.4218968,-99.1708764,4254.0,150.0,84.8,1.77,0.334,57.3,74.6,2.32,,,,77.7,107.8,155.7,94.6,76.3,19.0
Line 1,Juanacatlan,exacto+linea,0200L1-JUANACATLAN,Juanacatlán,12.8,18,19.4128414,-99.1820204,4760.7,150.1,93.8,1.6,0.338,42.9,24.9,1.71,,,,21.6,98.4,100.1,150.5,22.8,20.1
Line 1,Tacubaya,exacto+linea,0200L1-TACUBAYA,Tacubaya,19.4,48,19.40256,-99.1878168,5985.5,183.6,61.1,3.01,0.534,56.3,53.5,3.98,53.8,14.9,0.3,51.3,85.7,164.5,137.7,53.0,3.3
Line 1,Observatorio,exacto+linea,0200L1-OBSERVATORIO,Observatorio,1.9,12,19.398263,-99.2003986,4650.5,150.9,45.3,3.33,0.681,76.5,76.8,3.89,,,,76.7,54.9,152.0,58.5,77.5,1.0
Line 2,Cuatro Caminos,exacto+linea,0200L2-CUATROCAMIN,Cuatro Caminos,13.8,187,19.4595083,-99.2157416,10473.0,423.8,94.6,4.48,0.261,0.4,177.2,3.56,178.6,14.2,1.4,0.2,94.9,95.7,423.7,177.2,3.2
Line 2,Panteones,exacto+linea,0200L2-PANTEONES,Panteones,9.7,30,19.4586453,-99.2030424,3730.5,154.3,64.3,2.4,0.376,106.6,107.8,2.69,107.9,2.2,0.1,106.8,49.0,150.5,68.5,106.5,0.1
Line 2,Tacuba,exacto+linea,0200L2-TACUBA,Tacuba,10.3,25,19.4594107,-99.188323,5294.8,129.4,123.2,1.05,0.332,143.4,100.7,1.53,101.0,1.3,0.3,100.4,81.1,163.7,112.3,96.1,47.3
Line 2,Cuitlahuac,exacto+linea,0200L2-CUITLAHUAC,Cuitláhuac,9.2,19,19.4571991,-99.1814312,4307.7,149.7,77.1,1.94,0.373,149.7,134.2,2.12,129.4,0.2,4.8,130.5,69.4,127.4,112.8,128.6,21.1
Line 2,Popotla,exacto+linea,0200L2-POPOTLA,Popotla,5.7,18,19.4529227,-99.1755425,4015.0,152.8,72.0,2.12,0.365,144.8,125.8,2.45,,,,125.6,69.1,135.0,103.1,125.3,19.5
Line 2,Colegio Militar,exacto+linea,0200L2-COLMILITAR,Colegio Militar,25.3,21,19.449079,-99.1716491,3913.6,162.8,72.7,2.24,0.331,131.1,145.3,3.13,,,,146.9,101.5,110.3,145.7,144.4,13.3
Line 2,Normal,exacto+linea,0200L2-NORMAL,Normal,11.4,26,19.4446166,-99.1673603,3749.7,154.7,67.2,2.3,0.361,114.6,120.3,2.6,,,,123.0,77.2,138.2,93.4,121.1,6.5
Line 2,San Cosme,exacto+linea,0200L2-SANCOSME,San Cosme,12.3,16,19.4418397,-99.160562,4266.8,164.0,65.2,2.51,0.399,113.5,114.0,2.81,113.0,2.5,1.0,113.7,83.7,155.9,87.0,113.8,0.3
Line 2,Revolucion,exacto+linea,0200L2-REVOLUCION,Revolución,9.2,22,19.4392178,-99.154317,4397.0,154.4,82.1,1.88,0.347,107.4,115.0,2.24,111.6,4.7,3.4,113.4,87.1,146.9,103.3,113.8,6.4
Line 2,Bellas Artes,exacto+linea,0200L2-BELLASARTES,Bellas Artes,47.0,42,19.4363819,-99.1420573,4206.2,155.2,68.3,2.27,0.397,119.7,108.2,2.56,101.0,8.4,7.2,101.3,86.5,158.4,89.9,101.8,17.9
Line 2,Allende,exacto+linea,0200L2-ALLENDE,Allende,33.6,22,19.4356392,-99.1371788,4220.9,156.3,75.5,2.07,0.358,97.7,99.9,2.09,,,,98.2,49.4,156.4,82.9,99.5,1.8
Line 2,Hidalgo,exacto+linea,0200L2-HIDALGO,Hidalgo,60.8,51,19.437567,-99.1477993,5650.5,258.5,110.0,2.35,0.199,112.7,105.9,3.22,103.0,11.3,2.9,101.3,73.1,254.8,157.4,101.8,10.9
Line 2,Zocalo,exacto+linea,0200L2-ZOCALO,Zócalo,212.9,92,19.4306,-99.1324803,10682.3,773.9,51.0,15.19,0.271,3.9,5.2,26.92,,,,7.8,293.1,99.8,772.3,4.7,0.8
Line 2,Pino Suarez,exacto+linea,0200L2-PINOSUAREZ,Pino Suárez,48.5,15,19.4248125,-99.1328875,5320.8,173.9,54.2,3.21,0.564,6.3,9.1,3.96,177.5,7.3,11.6,178.1,82.2,59.8,172.5,4.7,1.6
Line 2,San Antonio Abad,exacto+linea,0200L2-SANANTONIO,San Antonio Abad,1.6,32,19.4160322,-99.1345485,3125.9,177.2,88.0,2.01,0.2,32.3,8.9,2.92,8.5,1.1,0.4,99.2,40.7,91.8,189.5,9.0,23.3
Line 2,Chabacano,exacto+linea,0200L2-CHABACANO,Chabacano,27.9,56,19.4091357,-99.1353583,7802.3,180.5,146.5,1.23,0.295,71.8,98.2,1.67,8.6,27.7,89.6,98.5,115.2,186.2,156.2,9.0,62.8
Line 2,Viaducto,exacto+linea,0200L2-VIADUCTO,Viaducto,2.5,22,19.4008868,-99.1368843,3038.1,160.2,88.8,1.8,0.214,32.8,13.2,2.16,8.3,1.3,4.9,6.9,66.5,108.2,171.3,9.0,23.8
Line 2,Xola,exacto+linea,0200L2-XOLA,Xola,1.6,21,19.395197,-99.137804,3049.6,162.8,86.4,1.88,0.217,166.5,7.2,2.43,8.7,0.7,1.5,8.6,65.2,91.6,171.2,9.0,22.5
Line 2,Villa de Cortes,exacto+linea,0200L2-VILLADECORT,Villa de Cortés,0.5,16,19.3875836,-99.1389625,3504.1,159.3,85.9,1.86,0.256,162.4,8.1,2.41,8.3,0.4,0.2,9.2,65.2,89.1,170.9,9.0,26.6
Line 2,Nativitas,exacto+linea,0200L2-NATIVITAS,Nativitas,59.1,24,19.3795464,-99.1401985,2966.9,157.0,97.2,1.61,0.194,160.4,6.9,2.08,8.5,1.3,1.6,8.8,66.8,107.0,171.4,7.4,27.0
Line 2,Portales,exacto+linea,0200L2-PORTALES,Portales,3.7,20,19.3699523,-99.1415639,2854.4,160.1,83.3,1.92,0.214,163.7,5.5,2.51,8.2,0.6,2.7,7.9,64.9,92.4,170.8,7.4,23.7
Line 2,Ermita,exacto+linea,0200L2-ERMITA,Ermita,1.8,17,19.361969,-99.1429123,2600.1,138.2,105.1,1.31,0.179,152.7,5.3,1.9,,,,8.4,84.1,108.2,162.8,13.5,40.8
Line 2,General Anaya,exacto+linea,0200L2-GRALANAYA,General Anaya,3.5,22,19.3532707,-99.145002,2919.7,152.4,98.8,1.54,0.194,164.3,11.0,2.15,15.7,0.6,4.7,16.5,64.9,100.9,168.2,22.3,38.0
Line 2,Tasquena,exacto+linea,0200L2-TASQUENA,Tasqueña,17.4,30,19.3437615,-99.1396961,5227.7,183.8,155.1,1.19,0.183,155.3,24.5,1.19,92.9,0.4,68.4,92.9,88.7,154.8,229.7,93.4,61.9
Line 3,Deportivo 18 de Marzo,exacto+linea,0200L3-DTVO18MARZO,Deportivo 18 de Marzo,7.7,69,19.4850646,-99.1255551,6055.6,141.2,133.4,1.06,0.321,174.8,41.0,1.13,37.9,1.4,3.1,38.4,69.8,130.4,151.7,38.3,43.5
Line 3,Potrero,exacto+linea,0200L3-POTRERO,Potrero,9.7,40,19.4771196,-99.1320645,4100.9,141.1,133.4,1.06,0.218,81.1,38.1,1.76,37.9,0.7,0.2,37.4,62.6,131.2,152.0,38.6,42.5
Line 3,La Raza,exacto+linea,0200L3-LARAZA,La Raza,39.3,40,19.4685277,-99.1395392,7035.7,203.1,137.4,1.48,0.252,95.4,103.1,2.03,,,,125.7,131.3,201.4,146.4,40.4,55.0
Line 3,Tlatelolco,exacto+linea,0200L3-TLATELOLCO,Tlatelolco,7.3,14,19.4551179,-99.143162,2963.6,155.4,41.7,3.73,0.458,8.2,177.8,4.86,178.5,2.8,0.7,178.5,74.3,45.0,155.8,176.4,11.8
Line 3,Guerrero,exacto+linea,0200L3-GUERRERO,Guerrero,3.9,28,19.4446995,-99.1452082,4448.5,153.8,72.7,2.12,0.398,11.5,10.3,2.06,,,,11.8,42.7,75.2,152.8,12.1,0.6
Line 3,Hidalgo,exacto+linea,0200L3-HIDALGO,Hidalgo,12.2,36,19.4372858,-99.1467203,6451.9,156.5,142.8,1.1,0.289,69.5,40.1,1.31,15.9,9.5,24.2,14.1,95.7,144.7,171.3,12.1,57.4
Line 3,Juarez,exacto+linea,0200L3-JUAREZ,Juárez,12.3,16,19.4333598,-99.1476672,3716.6,145.5,80.6,1.81,0.317,166.6,11.1,2.18,,,,10.4,78.2,82.0,153.0,12.1,25.5
Line 3,Balderas,exacto+linea,0200L3-BALDERAS,Balderas,21.4,37,19.4262903,-99.1490909,3725.7,152.8,35.7,4.28,0.683,11.3,11.3,5.07,,,,11.3,77.9,57.2,154.8,9.0,2.3
Line 3,Ninos Heroes,SIN MATCH,,,,39,19.4192546,-99.1504229,3328.3,148.6,86.8,1.71,0.258,25.2,6.9,2.32,,,,6.9,97.6,89.4,153.1,9.0,16.2
Line 3,Hospital General,exacto+linea,0200L3-HOSPITALGRAL,Hospital General,3.2,18,19.4137362,-99.1532671,4914.8,156.5,63.2,2.48,0.497,73.4,65.1,2.51,54.1,1.1,11.0,62.3,91.9,152.9,93.4,62.0,11.4
Line 3,Centro Medico,exacto+linea,0200L3-CENTROMEDICO,Centro Médico,54.0,61,19.4072458,-99.1551203,5394.7,188.3,89.7,2.1,0.319,162.8,168.5,2.53,,,,3.8,75.4,108.6,195.8,5.0,22.2
Line 3,Etiopia,SIN MATCH,,,,49,19.3959008,-99.1560534,5265.8,126.8,112.4,1.13,0.37,45.2,6.8,1.47,,,,4.4,42.6,110.3,156.2,3.2,42.0
Line 3,Eugenia,exacto+linea,0200L3-EUGENIA,Eugenia,11.6,32,19.386069,-99.1572276,5100.2,151.1,87.0,1.74,0.388,34.4,14.3,2.07,,,,102.7,32.6,89.0,155.5,14.0,20.4
Line 3,Division del Norte,exacto+linea,0200L3-DIVISIONNTE,División del Norte,38.4,38,19.3788652,-99.1596301,5263.1,178.8,152.6,1.17,0.193,65.3,26.3,1.92,,,,30.0,88.7,156.7,208.5,31.4,33.9
Line 3,Zapata,exacto+linea,0200L3-ZAPATA,Zapata,11.6,31,19.3712212,-99.164405,5625.0,132.8,116.2,1.14,0.365,172.7,35.0,1.52,,,,30.6,72.8,117.3,142.7,31.4,38.7
Line 3,Coyoacan,exacto+linea,0200L3-COYOACAN,Coyoacán,4.5,26,19.3613197,-99.1708607,3177.5,156.6,60.9,2.57,0.333,35.7,24.9,3.55,24.0,1.8,0.9,23.2,49.9,84.8,150.2,29.3,6.4
Line 3,Viveros,SIN MATCH,,,,26,19.353443,-99.1759337,3782.0,209.4,39.5,5.31,0.458,39.1,41.0,6.72,47.7,6.0,6.7,40.6,178.6,159.5,176.0,44.6,5.5
Line 3,Miguel Angel de Quevedo,exacto+linea,0200L3-MAQ,Miguel Ángel de Quevedo,18.5,112,19.3460972,-99.1808286,4435.8,159.2,89.7,1.77,0.311,29.9,12.0,1.81,,,,10.9,101.4,95.5,160.2,11.6,18.3
Line 3,Copilco,exacto+linea,0200L3-COPILCO,Copilco,10.2,37,19.3360937,-99.1770666,3953.4,156.5,71.6,2.19,0.353,102.9,123.2,3.29,120.8,5.5,2.4,121.3,54.3,144.4,97.8,125.6,22.7
Line 3,Universidad,exacto+linea,0200L3-UNIVERSIDAD,Universidad,5.8,20,19.3243702,-99.1738889,6389.5,180.9,130.2,1.39,0.271,6.8,5.4,2.36,5.8,5.0,0.4,5.7,82.8,135.0,183.0,8.0,1.2
Line 3,Indios Verdes,exacto+linea,0200L3-INDIOSVERD,Indios Verdes,18.1,159,19.495357,-99.1196817,8841.2,206.4,188.0,1.1,0.228,102.7,1.3,1.1,12.5,18.1,11.2,103.2,119.3,224.0,187.1,12.3,89.6
Line 4,Martin Carrera,exacto+linea,0200L4-MARTINCARR,Martín Carrera,94.1,130,19.4844751,-99.1050376,11890.4,385.1,130.3,2.95,0.237,45.3,46.7,4.84,35.8,20.1,10.9,35.6,156.1,351.2,306.6,39.3,6.0
Line 4,Talisman,exacto+linea,0200L4-TALISMAN,Talismán,6.0,24,19.474307,-99.1080196,4183.7,135.9,105.2,1.29,0.293,158.3,1.0,1.43,14.8,0.7,13.8,14.5,79.4,118.7,158.1,14.8,36.5
Line 4,Bondojito,exacto+linea,0200L4-BONDOJITO,Bondojito,22.7,24,19.4648103,-99.1118798,4283.7,150.7,110.3,1.37,0.258,172.4,15.9,1.66,19.5,3.0,3.6,19.6,119.1,113.8,157.6,20.3,27.9
Line 4,Consulado,exacto+linea,0200L4-CONSULADO,Consulado,3.6,87,19.458045,-99.1138787,8743.7,142.3,130.4,1.09,0.471,152.4,110.8,1.23,13.2,1.9,82.4,12.6,93.3,141.2,160.5,12.9,40.5
Line 4,Canal del Norte,exacto+linea,0200L4-CANALNTE,Canal del Norte,6.5,25,19.4489068,-99.1161715,3928.6,137.6,106.5,1.29,0.268,49.8,15.9,1.53,13.1,3.0,2.8,13.1,90.6,112.9,161.5,12.9,36.9
Line 4,Morelos,exacto+linea,0200L4-MORELOS,Morelos,3.4,38,19.4396295,-99.1181457,4875.2,132.3,128.5,1.03,0.287,149.1,100.5,1.08,10.0,1.3,89.5,9.8,76.9,151.9,161.6,7.6,38.5
Line 4,Candelaria,exacto+linea,0200L4-CANDELARIA,Candelaria,15.1,55,19.4287497,-99.1195736,6790.5,171.4,153.7,1.11,0.258,73.3,165.3,1.22,8.5,15.1,23.2,97.0,96.9,172.2,159.5,10.4,62.9
Line 4,Fray Servando,exacto+linea,0200L4-FRAYSERVANDO,Fray Servando,7.3,33,19.4216508,-99.1205047,4710.5,132.6,125.2,1.06,0.284,147.3,5.5,1.11,7.5,2.1,2.0,7.8,95.3,143.5,164.3,7.7,40.4
Line 4,Jamaica,exacto+linea,0200L4-JAMAICA,Jamaica,5.1,55,19.410964,-99.1217259,6187.4,145.6,127.9,1.14,0.332,143.7,101.5,1.03,179.2,1.9,77.7,179.3,83.0,127.7,162.9,179.4,35.7
Line 4,Santa Anita,exacto+linea,0200L4-SNTAANITA,Santa Anita,13.0,66,19.4029745,-99.121615,4565.8,166.8,97.6,1.71,0.28,13.3,19.1,2.52,2.3,8.1,16.8,2.3,92.7,127.5,161.9,2.3,11.0
Line 5,Politecnico,exacto+linea,0200L5-POLITECNICO,Politécnico,6.8,32,19.5006208,-99.1491946,4713.9,155.5,92.5,1.68,0.328,2.6,160.8,2.71,159.2,1.2,1.6,159.9,49.3,95.2,157.0,159.7,22.9
Line 5,Instituto del Petroleo,exacto+linea,0200L5-ITOPETROLEO,Instituto del Petróleo,3.0,38,19.4893608,-99.1447285,5806.6,199.0,94.5,2.11,0.309,143.5,157.4,3.81,159.4,1.0,2.0,159.9,133.2,116.3,190.6,159.7,16.2
Line 5,Autobuses del Norte,exacto+linea,0200L5-AUTOBUSESNTE,Autobuses del Norte,5.4,38,19.4790217,-99.1406425,4356.3,159.7,110.0,1.45,0.248,11.5,159.3,2.6,159.4,1.1,0.1,159.7,44.6,113.3,172.0,159.7,31.8
Line 5,La Raza,exacto+linea,0200L5-LARAZA,La Raza,51.1,36,19.4694406,-99.1369412,7325.9,311.5,173.2,1.8,0.136,71.0,53.2,2.12,146.7,51.1,86.5,36.8,144.1,265.6,252.9,156.9,85.9
Line 5,Misterios,exacto+linea,0200L5-MISTERIOS,Misterios,24.4,29,19.4629737,-99.1300577,4725.1,157.2,68.8,2.28,0.437,114.7,122.5,2.8,122.1,3.0,0.4,122.3,74.4,143.5,115.1,118.7,4.0
Line 5,Valle Gomez,exacto+linea,0200L5-VALLEGOMEZ,Valle Gómez,48.3,30,19.4590127,-99.1199243,4696.2,153.3,61.1,2.51,0.501,110.1,109.2,3.38,,,,109.6,74.0,155.9,84.6,111.6,1.5
Line 5,Consulado,exacto+linea,0200L5-CONSULADO,Consulado,42.9,44,19.4555257,-99.1135347,7489.4,337.5,127.3,2.65,0.174,170.7,172.4,2.84,130.3,33.0,42.1,13.1,228.1,144.3,334.2,130.7,40.0
Line 5,Eduardo Molina,exacto+linea,0200L5-EDUARDOMOLI,Eduardo Molina,2.9,31,19.4513876,-99.1053242,3041.5,179.6,63.5,2.83,0.267,125.7,111.4,5.11,111.1,2.0,0.3,111.2,89.7,173.8,73.5,116.3,9.4
Line 5,Aragon,exacto+linea,0200L5-ARAGON,Aragón,6.0,32,19.4512341,-99.0962601,3056.5,178.4,60.0,2.97,0.285,53.0,68.3,5.01,68.3,0.3,0.0,68.6,85.1,173.1,75.2,68.2,15.2
Line 5,Oceania,exacto+linea,0200L5-OCEANIA,Oceanía,42.1,41,19.4446744,-99.0867073,3057.7,186.9,64.0,2.92,0.256,168.6,158.4,4.4,156.3,0.5,2.1,157.0,91.8,79.4,176.4,164.4,4.2
Line 5,Terminal Aerea,exacto+linea,0200L5-TNALAEREA,Terminal Aérea,44.8,29,19.4339543,-99.0883446,4993.9,205.7,79.4,2.59,0.306,31.1,32.9,2.59,39.0,2.8,6.1,26.4,82.4,127.5,186.3,35.1,4.0
Line 5,Hangares,exacto+linea,0200L5-HANGARES,Hangares,13.3,20,19.4242826,-99.0880255,4454.2,153.3,58.6,2.62,0.496,121.8,122.0,2.56,121.8,0.4,0.2,121.6,71.5,139.1,93.8,122.5,0.7
Line 5,Pantitlan,exacto+linea,0200L5-PANTITLAN,Pantitlán,64.7,86,19.4155322,-99.0739181,11349.7,366.8,195.4,1.88,0.158,25.2,31.5,2.16,121.6,64.0,89.9,7.7,213.4,279.0,349.4,121.9,83.3
Line 6,El Rosario,exacto+linea,0200L6-ELROSARIO,El Rosario,15.6,14,19.5046664,-99.1996264,6422.1,270.6,116.1,2.33,0.204,45.6,35.5,2.47,17.1,15.6,18.4,17.1,189.3,203.5,196.6,15.3,30.3
Line 6,Tezozomoc,exacto+linea,0200L6-TEZOZOMOC,Tezozómoc,5.1,29,19.4949205,-99.1960639,4237.5,152.0,60.9,2.49,0.458,108.5,109.6,2.19,,,,109.6,50.8,146.6,71.5,110.8,2.3
Line 6,Azcapotzalco,SIN MATCH,,,,20,19.4908844,-99.1862653,4540.6,153.9,49.7,3.1,0.594,107.4,106.8,2.89,,,,107.4,37.1,150.0,62.6,110.0,2.6
Line 6,Ferreria,SIN MATCH,,,,15,19.4906457,-99.1742116,4966.5,155.9,53.4,2.92,0.597,78.6,74.8,2.9,78.4,1.7,3.6,77.9,69.4,155.7,68.1,78.3,0.3
Line 6,Norte 45,exacto+linea,0200L6-NORTE45,Norte 45,0.7,20,19.4886698,-99.1629967,4787.2,158.6,53.1,2.99,0.568,118.7,119.7,2.83,119.3,0.5,0.4,118.6,50.1,145.8,91.6,111.2,7.5
Line 6,Vallejo,exacto+linea,0200L6-VALLEJO,Vallejo,3.6,20,19.4898307,-99.1560273,4850.6,159.4,51.5,3.09,0.591,54.3,55.2,3.47,,,,54.3,44.2,141.4,105.7,52.7,1.6
Line 6,Instituto del Petroleo,exacto+linea,0200L6-ITOPETROLEO,Instituto del Petróleo,44.1,40,19.4909268,-99.1477268,8916.5,407.6,56.0,7.27,0.39,101.9,104.6,7.48,,,,102.3,164.1,397.8,130.1,102.0,0.1
Line 6,Lindavista,exacto+linea,0200L6-LINDAVISTA,Lindavista,6.0,20,19.4880561,-99.1350691,4460.0,153.6,52.2,2.94,0.557,116.6,116.4,3.21,115.6,5.5,0.8,116.6,68.8,144.1,87.5,112.4,4.2
Line 6,Deportivo 18 de Marzo,exacto+linea,0200L6-DTVO18MARZO,Deportivo 18 de Marzo,27.2,30,19.4835666,-99.1250577,7142.5,214.4,130.9,1.64,0.255,142.9,141.5,1.78,104.4,15.2,37.1,103.7,102.8,165.9,183.9,104.3,38.6
Line 6,La Villa,SIN MATCH,,,,20,19.4816886,-99.1183996,5249.7,152.7,46.0,3.32,0.747,95.6,99.6,3.15,93.8,5.4,5.8,95.1,109.5,152.3,56.8,95.6,0.0
Line 6,Martin Carrera,exacto+linea,0200L6-MARTINCARR,Martín Carrera,73.3,26,19.4827624,-99.1068079,7820.3,188.6,91.1,2.07,0.455,82.1,87.2,2.15,,,,105.3,64.9,188.0,97.7,103.9,21.8
Line 7,El Rosario,exacto+linea,0200L7-ELROSARIO,El Rosario,5.0,28,19.5046965,-99.2001095,7030.4,219.3,53.2,4.13,0.603,16.5,17.1,6.02,17.4,2.0,0.3,16.9,89.0,90.7,217.9,17.0,0.5
Line 7,Aquiles Serdan,exacto+linea,0200L7-AQUILESSERD,Aquiles Serdán,21.4,125,19.4908159,-99.1954314,5130.4,145.1,116.9,1.24,0.302,116.5,142.0,1.24,143.8,5.0,1.8,143.3,108.9,131.1,144.3,143.5,27.0
Line 7,Camarones,exacto+linea,0200L7-CAMARONES,Camarones,1.5,113,19.4790966,-99.1900428,5464.4,136.9,96.3,1.42,0.414,35.7,3.0,1.46,,,,3.1,73.3,105.1,153.8,2.3,33.4
Line 7,Refineria,exacto+linea,0200L7-REFINERIA,Refinería,26.5,125,19.4692325,-99.1904999,5801.2,152.6,93.2,1.64,0.408,24.0,14.9,1.72,,,,3.0,53.1,96.3,152.0,2.5,21.5
Line 7,Tacuba,exacto+linea,0200L7-TACUBA,Tacuba,31.4,22,19.458246,-99.1874685,5887.1,162.5,152.1,1.07,0.238,103.9,118.2,1.56,11.7,31.0,73.5,103.6,131.2,169.4,159.5,14.1,89.8
Line 7,San Joaquin,exacto+linea,0200L7-SANJOAQUIN,San Joaquín,6.3,77,19.4449556,-99.1917868,5280.6,122.3,119.7,1.02,0.361,144.8,7.0,1.3,,,,7.1,53.9,117.9,152.9,9.9,45.1
Line 7,Polanco,exacto+linea,0200L7-POLANCO,Polanco,6.4,91,19.4335865,-99.1909774,5885.3,142.7,126.3,1.13,0.326,52.5,87.3,1.26,,,,6.5,71.6,162.2,153.0,5.3,47.2
Line 7,Auditorio,exacto+linea,0200L7-AUDITORIO,Auditorio,90.8,107,19.4251149,-99.1925589,6601.6,186.5,112.5,1.66,0.314,148.7,152.9,1.4,,,,12.1,96.7,136.3,196.9,9.5,40.8
Line 7,Constituyentes,exacto+linea,0200L7-CONSTITUYENTES,Constituyentes,22.1,102,19.4115737,-99.1913207,5815.5,149.6,92.8,1.61,0.419,156.5,161.5,1.54,159.9,4.4,1.6,158.5,94.0,100.7,155.9,168.5,12.0
Line 7,Tacubaya,exacto+linea,0200L7-TACUBAYA,Tacubaya,4.0,81,19.4022056,-99.1867159,5873.5,165.3,113.8,1.45,0.312,116.8,102.0,1.43,151.8,4.4,49.8,152.1,72.3,173.8,142.1,154.2,37.4
Line 7,San Pedro de los Pinos,exacto+linea,0200L7-SANPEDROPINOS,San Pedro de los Pinos,6.4,116,19.3914395,-99.1858392,4491.9,127.7,108.2,1.18,0.325,45.4,9.4,1.47,,,,6.1,95.6,104.0,153.5,5.1,40.3
Line 7,San Antonio,exacto+linea,0200L7-SANANTONIO,San Antonio,33.9,115,19.384642,-99.1866478,4585.9,125.3,110.5,1.13,0.331,145.4,166.6,1.34,,,,6.9,74.1,110.7,153.9,5.4,40.0
Line 7,Mixcoac,exacto+linea,0200L7-MIXCOAC,Mixcoac,4.3,98,19.3762301,-99.1876055,5198.8,123.6,114.0,1.08,0.369,145.4,160.0,1.13,,,,7.3,72.8,133.0,154.3,5.4,40.0
Line 7,Barranca del Muerto,exacto+linea,0200L7-BARRANCA,Barranca del Muerto,8.4,84,19.3615754,-99.1892537,4918.0,121.5,113.2,1.07,0.358,47.3,1.1,1.08,,,,4.9,71.5,132.9,152.7,7.0,40.3
Line 8,Garibaldi,SIN MATCH,,,,51,19.4438819,-99.1388643,6088.3,153.3,127.5,1.2,0.312,38.2,28.9,1.51,34.0,19.7,5.1,9.3,69.2,123.7,179.5,41.4,3.2
Line 8,Bellas Artes,exacto+linea,0200L8-BELLASARTES,Bellas Artes,36.4,71,19.43681,-99.1406943,4761.9,194.0,133.2,1.46,0.184,9.1,35.4,2.27,,,,8.8,76.7,160.7,176.9,7.8,1.3
Line 8,Sam Juan de Letran,SIN MATCH,,,,20,19.4315609,-99.1413503,3547.1,153.9,52.9,2.91,0.436,8.6,10.3,2.9,,,,7.9,67.3,58.0,153.8,7.8,0.8
Line 8,Salto del Agua,exacto+linea,0200L8-SALTOAGUA,Salto del Agua,68.4,128,19.4273267,-99.1423504,6482.0,293.3,137.7,2.13,0.161,56.5,54.5,2.42,11.3,44.8,43.2,10.3,53.6,242.6,198.6,11.1,45.4
Line 8,Doctores,exacto+linea,0200L8-DOCTORES,Doctores,14.2,36,19.4214227,-99.1432042,3508.5,150.4,59.0,2.55,0.395,20.0,6.0,3.4,7.2,0.2,1.2,6.9,62.4,59.6,152.8,5.0,15.0
Line 8,Obrera,exacto+linea,0200L8-OBRERA,Obrera,2.7,36,19.4132162,-99.1440442,3386.7,148.6,59.4,2.5,0.384,24.0,6.2,3.21,173.9,0.4,12.3,8.3,52.3,60.3,153.3,6.4,17.6
Line 8,Chabacano,exacto+linea,0200L8-CHABACANO,Chabacano,11.9,38,19.4101152,-99.1338018,5060.1,147.8,143.2,1.03,0.239,154.1,76.6,1.12,,,,8.6,88.7,156.5,147.0,93.3,60.8
Line 8,La Viga,exacto+linea,0200L8-LAVIGA,La Viga,14.5,30,19.4065801,-99.1262592,3850.4,152.3,63.3,2.41,0.4,179.8,169.2,2.61,166.9,1.9,2.3,169.6,62.9,63.3,152.3,167.1,12.7
Line 8,Santa Anita,exacto+linea,0200L8-STAANITA,Santa Anita,13.6,47,19.4040057,-99.1206136,4275.2,198.5,87.8,2.26,0.245,80.8,89.2,2.01,114.8,10.9,25.6,111.9,76.5,194.7,93.0,102.4,21.6
Line 8,Coyuya,exacto+linea,0200L8-COYUYA,Coyuya,1.0,28,19.3982981,-99.1134895,2814.3,187.4,50.1,3.74,0.3,178.1,177.5,6.78,177.1,1.0,0.4,178.1,61.4,51.0,187.4,172.1,6.0
Line 8,Iztacalco,exacto+linea,0200L8-IZTACALCO,Iztacalco,2.4,28,19.3883103,-99.1121183,2910.1,185.5,60.7,3.06,0.259,4.3,167.7,6.17,168.3,0.2,0.6,167.8,68.5,60.5,188.7,161.8,22.5
Line 8,Apatlaco,exacto+linea,0200L8-APATLACO,Apatlaco,2.2,28,19.3790804,-99.1094932,3101.3,190.1,48.2,3.95,0.339,149.9,159.0,6.99,159.2,1.1,0.2,159.2,71.4,73.3,182.0,160.7,10.8
Line 8,Aculco,exacto+linea,0200L8-ACULCO,Aculco,4.0,28,19.3732436,-99.1077134,2848.1,197.2,51.8,3.81,0.279,179.8,178.1,7.16,177.4,0.9,0.7,177.6,96.5,51.8,197.2,178.3,1.5
Line 8,Escuadron 201,exacto+linea,0200L8-ESCUADRON,Escuadrón 201,7.4,42,19.3648075,-99.1094188,3616.0,151.3,64.5,2.35,0.371,13.7,12.2,2.46,,,,12.1,54.2,67.6,150.1,12.1,1.6
Line 8,Atlalilco,exacto+linea,0200L8-ATLALILCO,Atlalilco,5.0,35,19.3560455,-99.1013403,3767.7,152.4,88.8,1.72,0.278,99.3,82.3,2.39,82.6,3.8,0.3,78.6,63.6,156.2,90.9,6.3,87.0
Line 8,Iztapalapa,exacto+linea,0200L8-IZTAPALAPA,Iztapalapa,10.1,26,19.357867,-99.0933627,3769.0,150.6,63.8,2.36,0.392,89.8,80.3,2.46,73.3,1.9,7.0,77.6,68.5,150.5,64.0,6.3,83.5
Line 8,Cerro de la Estrella,exacto+linea,0200L8-CERROESTRELLA,Cerro de la Estrella,10.9,33,19.3560798,-99.0857189,3464.4,153.2,54.5,2.81,0.415,139.6,126.3,3.37,122.5,3.2,3.8,125.9,64.4,135.5,106.8,6.3,46.7
Line 8,UAM-I,exacto+linea,0200L8-UAM-I,UAM-I,2.0,40,19.3510695,-99.0748356,3622.0,155.7,67.3,2.31,0.345,115.1,116.0,2.49,,,,115.0,56.5,145.5,76.7,6.3,71.2
Line 8,Constitucion de 1917,exacto+linea,0200L8-CONST1917,Constitución de 1917,18.5,47,19.3458151,-99.0638642,6720.2,202.7,176.3,1.15,0.188,111.7,117.1,1.49,115.9,18.3,1.2,25.5,95.7,213.9,216.0,130.7,19.0
Line 9,Pantitlan,exacto+linea,0200L9-PANTITLAN,Pantitlán,81.5,125,19.4158255,-99.0728003,13875.9,349.2,233.5,1.5,0.17,8.0,153.6,1.49,33.0,81.6,59.4,31.1,162.9,237.2,363.7,34.3,26.3
Line 9,Puebla,exacto+linea,0200L9-PUEBLA,Puebla,3.9,17,19.4071962,-99.0823532,4026.4,161.1,85.9,1.88,0.291,117.3,97.8,2.16,98.9,1.0,1.1,98.0,90.9,165.8,90.3,100.7,16.6
Line 9,Ciudad Deportiva,exacto+linea,0200L9-CIUDADDVA,Ciudad Deportiva,1.1,19,19.4084396,-99.0912464,4050.8,154.8,85.5,1.81,0.306,72.6,96.2,2.09,98.1,0.7,1.9,98.4,75.0,165.0,89.4,95.3,22.7
Line 9,Velodromo,exacto+linea,0200L9-VELODROMO,Velódromo,0.6,24,19.4085391,-99.1031541,3368.7,165.0,30.2,5.46,0.676,87.6,87.9,6.59,88.3,0.0,0.4,88.3,45.7,165.1,31.3,89.3,1.7
Line 9,Mixiuhca,exacto+linea,0200L9-MIXIUHCA,Mixiuhca,47.3,32,19.4083551,-99.1125202,4583.5,206.9,47.4,4.36,0.467,92.3,92.2,3.99,96.5,1.4,4.3,92.0,76.7,207.1,49.6,89.3,3.0
Line 9,Jamaica,exacto+linea,0200L9-JAMAICA,Jamaica,22.8,48,19.4092994,-99.1223994,6526.2,253.4,121.9,2.08,0.211,40.5,40.6,1.99,84.8,22.1,44.2,179.4,152.1,164.6,205.5,89.1,48.6
Line 9,Chabacano,exacto+linea,0200L9-CHABACANO,Chabacano,15.8,40,19.4086393,-99.1340318,7141.7,152.5,102.7,1.49,0.456,108.3,113.5,1.31,76.1,14.2,37.4,86.4,50.6,158.1,111.4,83.7,24.6
Line 9,Lazaro Cardenas,exacto+linea,0200L9-LAZAROCAR,Lázaro Cárdenas,23.3,26,19.4072021,-99.144409,4320.4,152.7,68.5,2.23,0.413,81.2,87.9,2.6,,,,88.2,44.8,152.3,69.1,84.4,3.2
Line 9,Centro Medico,exacto+linea,0200L9-CENTROMEDICO,Centro Médico,5.8,42,19.4065552,-99.1559753,4122.3,152.6,52.5,2.9,0.514,80.6,86.8,4.43,,,,87.8,79.1,154.3,55.5,86.6,6.0
Line 9,Chilpancingo,exacto+linea,0200L9-CHILPANCINGO,Chilpancingo,5.8,44,19.405928,-99.1684646,3061.9,160.3,30.7,5.23,0.623,85.3,87.6,7.12,88.3,0.4,0.7,88.6,44.1,160.4,34.2,86.6,1.3
Line 9,Patriotismo,exacto+linea,0200L9-PATRIOTISMO,Patriotismo,3.9,28,19.4060786,-99.1789374,4038.9,155.5,52.3,2.97,0.497,107.2,109.1,4.06,107.2,3.7,1.9,108.7,38.3,151.6,65.5,105.2,2.0
Line 9,Tacubaya,exacto+linea,0200L9-TACUBAYA,Tacubaya,29.0,67,19.4012531,-99.1879275,6339.9,191.1,75.4,2.54,0.44,28.4,33.9,3.41,33.6,28.9,0.3,27.6,53.3,138.5,159.8,39.6,11.2
Line B,Ciudad Azteca,exacto+linea,0200LB-CIUDADAZTECA,Ciudad Azteca,3.1,28,19.5345211,-99.0274832,5065.6,198.6,70.8,2.81,0.361,20.9,21.5,4.94,22.2,2.9,0.7,21.4,115.0,110.0,189.1,,
Line B,Plaza Aragon,exacto+linea,0200LB-PLAZAARAGON,Plaza Aragón,2.4,24,19.5285017,-99.0301775,3220.7,165.5,85.1,1.94,0.229,177.9,22.8,3.15,24.0,0.5,1.2,23.9,77.1,86.9,168.1,,
Line B,Olimpica,exacto+linea,0200LB-OLIMPICA,Olímpica,1.6,26,19.5213375,-99.0333471,3143.6,161.5,96.9,1.67,0.201,174.3,22.5,3.07,22.7,0.1,0.2,22.1,76.7,99.6,169.0,,
Line B,Ecatepec,exacto+linea,0200LB-ECATEPEC,Ecatepec,1.2,33,19.5151204,-99.036064,3621.1,159.4,96.3,1.66,0.236,174.2,22.9,2.61,22.7,0.7,0.2,23.6,66.5,98.5,167.3,,
Line B,Muzquiz,exacto+linea,0200LB-MUZQUIZ,Múzquiz,1.7,34,19.5014771,-99.0420613,3657.1,178.3,100.5,1.77,0.204,51.2,23.4,2.72,22.5,1.1,0.9,22.6,64.2,105.1,186.1,,
Line B,Rio de los Remedios,exacto+linea,0200LB-RIOREMEDIOS,Río de los Remedios,5.3,25,19.4907215,-99.0467523,3483.9,195.5,96.2,2.03,0.185,23.2,23.8,3.89,22.6,1.9,1.2,22.8,100.7,121.4,188.4,,
Line B,Impulsora,exacto+linea,0200LB-IMPULSORA,Impulsora,57.3,8,19.486209,-99.0487128,331.6,78.7,8.1,9.67,0.518,14.5,16.5,10.09,,,,14.5,77.2,24.1,75.6,,
Line B,Nezahualcoyotl,exacto+linea,0200LB-NEZAHUALCO,Nezahualcóyotl,3.8,35,19.472857,-99.0546175,3535.4,170.5,68.6,2.49,0.302,2.9,17.3,3.11,22.7,0.8,5.4,22.7,69.6,74.3,167.2,,
Line B,Villa de Aragon,exacto+linea,0200LB-VILLAARAGON,Villa de Aragón,1.4,30,19.4616643,-99.0613678,2922.0,190.5,77.8,2.45,0.197,91.7,73.3,4.43,72.8,1.1,0.5,72.9,76.9,192.2,78.4,,
Line B,Bosque de Aragon,exacto+linea,0200LB-BOSQUEARAGON,Bosque de Aragón,1.7,30,19.458104,-99.0692837,3155.0,173.5,69.1,2.51,0.263,34.6,52.5,4.5,52.5,0.5,0.0,52.7,75.3,147.2,112.7,,
Line B,Deportivo Oceania,exacto+linea,0200LB-DPVOOCEANIA,Deportivo Oceanía,3.8,35,19.4510215,-99.0792964,3294.4,184.4,64.4,2.86,0.277,59.9,60.8,5.33,60.3,1.0,0.5,60.8,77.1,161.8,92.3,,
Line B,Oceania,exacto+linea,0200LB-OCEANIA,Oceanía,8.1,50,19.4457178,-99.0871491,3450.3,152.3,67.7,2.25,0.334,52.6,52.4,3.94,52.9,2.3,0.5,52.4,30.9,130.6,105.7,,
Line B,Romero Rubio,exacto+linea,0200LB-ROMERORUBIO,Romero Rubio,31.5,34,19.4407095,-99.0944659,4229.7,157.1,54.2,2.9,0.496,63.3,65.2,3.49,62.7,0.3,2.5,64.3,95.9,157.2,87.5,,
Line B,Ricardo Flores Magon,exacto+linea,0200LB-RFLORESMAGON,Ricardo Flores Magón,2.5,41,19.4365701,-99.103686,3975.8,149.3,67.9,2.2,0.392,45.1,64.3,3.17,64.5,0.6,0.2,64.7,53.9,144.7,81.7,,
Line B,San Lazaro,exacto+linea,0200LB-SANLAZARO,San Lázaro,102.6,59,19.4315785,-99.1134602,10543.6,419.9,134.5,3.12,0.187,32.6,28.4,3.67,97.2,56.5,68.8,64.6,184.1,257.8,355.4,,
Line B,Morelos,exacto+linea,0200LB-MORELOS,Morelos,24.5,34,19.4393843,-99.1196223,4346.6,156.0,122.1,1.28,0.228,92.1,112.2,1.33,135.1,11.1,22.9,139.1,74.4,156.3,125.2,,
Line B,Tepito,exacto+linea,0200LB-TEPITO,Tepito,28.1,27,19.4427932,-99.1243374,3526.5,162.2,31.3,5.19,0.696,95.1,94.6,5.47,95.6,1.9,1.0,95.5,75.7,161.2,38.6,,
Line B,Lagunilla,exacto+linea,0200LB-LAGUNILLA,Lagunilla,164.0,32,19.4432868,-99.1317906,3308.8,153.9,39.3,3.91,0.547,94.3,95.2,4.18,93.9,6.3,1.3,94.6,74.2,154.1,39.7,,
Line B,Garibaldi,SIN MATCH,,,,26,19.4438537,-99.1375956,3487.6,165.5,31.0,5.34,0.68,95.3,95.6,5.57,94.3,1.9,1.3,94.9,60.6,164.1,39.3,,
Line B,Guerrero,exacto+linea,0200LB-GUERRERO,Guerrero,7.1,34,19.4451258,-99.146074,3700.9,202.3,34.9,5.79,0.524,100.2,98.2,5.51,,,,100.2,53.5,203.6,51.5,,
Line B,Buenavista,exacto+linea,0200LB-BUENAVISTA,Buenavista,6.1,27,19.4462006,-99.152407,4248.6,156.3,68.0,2.3,0.4,117.9,103.4,3.13,,,,99.9,73.1,159.9,85.9,,
Line 12,Alvaro Obregon,SIN MATCH,,,,47,19.3901797,-99.1967613,9710.4,156.5,92.3,1.7,0.672,170.0,176.9,1.8,,,,174.4,41.0,93.3,158.6,175.6,5.6
Line 12,Valentin Campa,SIN MATCH,,,,61,19.3821703,-99.2003702,10420.7,163.0,125.5,1.3,0.509,55.4,51.7,1.1,,,,90.3,44.1,181.3,155.6,34.9,20.5
Line 12,Alfonso XIII,SIN MATCH,,,,13,19.3758677,-99.1963716,5253.9,155.7,53.7,2.9,0.629,96.9,89.6,2.89,,,,88.0,77.5,155.0,61.7,96.6,0.3
Line 12,Mixcoac,exacto+linea,020L12-MIXCOAC,Mixcoac,7.2,24,19.3757622,-99.1867481,5347.4,152.6,96.0,1.59,0.365,87.9,110.5,2.6,,,,107.0,80.7,153.5,96.8,103.6,15.7
Line 12,Insurgentes Sur,exacto+linea,020L12-INSURGENTESSUR,Insurgentes Sur,23.5,31,19.3734818,-99.1780381,4196.0,161.2,35.8,4.5,0.726,102.0,103.3,5.15,100.1,2.5,3.2,104.7,74.4,162.1,65.0,103.6,1.6
Line 12,Hospital 20 de Noviembre,exacto+linea,020L12-HOSPITAL20,Hospital 20 de Noviembre,4.1,20,19.3719767,-99.1708967,4372.4,150.7,31.9,4.72,0.909,103.2,103.1,5.04,,,,103.1,60.7,153.1,63.6,103.6,0.4
Line 12,Zapata,exacto+linea,020L12-ZAPATA,Zapata,21.6,23,19.3707844,-99.1654065,5778.4,188.5,86.5,2.18,0.354,110.2,98.9,4.33,102.3,2.0,3.4,103.5,147.6,203.7,87.4,103.6,6.6
Line 12,Parque de los Venados,exacto+linea,020L12-PARQUEVENADOS,Parque de los Venados,4.3,12,19.3706625,-99.1586794,4174.5,152.2,35.6,4.27,0.769,99.4,99.7,4.86,100.1,1.1,0.4,99.9,80.5,153.5,49.2,99.2,0.2
Line 12,Eje Central,exacto+linea,020L12-EJECENTRAL,Eje Central,0.7,16,19.3613354,-99.1514252,4482.9,153.1,59.5,2.57,0.492,100.2,99.4,4.2,,,,100.3,62.4,155.3,60.1,105.6,5.4
Line 12,Ermita,exacto+linea,020L12-ERMITA,Ermita,67.7,30,19.3599941,-99.1422476,6695.3,294.4,149.6,1.97,0.152,125.5,108.7,2.58,98.9,11.7,9.8,96.2,162.2,258.5,184.7,99.4,26.1
Line 12,Mexicaltzingo,exacto+linea,020L12-MEXICALTZINGO,Mexicaltzingo,15.6,26,19.3577817,-99.1229932,3224.2,163.2,65.6,2.49,0.301,99.1,92.1,5.0,94.4,4.0,2.3,96.2,130.1,168.9,65.0,96.7,2.4
Line 12,Atlalilco,exacto+linea,020L12-ATLALILCO,Atlalilco,195.8,49,19.3542395,-99.1052492,11699.4,682.3,310.5,2.2,0.055,50.6,43.4,2.51,167.6,78.3,55.8,95.3,176.1,538.2,441.4,90.0,39.4
Line A,Pantitlan,exacto+linea,0200LA-PANTITLAN,Pantitlán,72.3,72,19.4157535,-99.0724132,15377.3,329.2,189.0,1.74,0.247,121.5,134.7,2.07,31.4,72.1,76.7,121.0,82.4,322.4,251.1,52.6,68.9
Line A,Agricola Oriental,exacto+linea,0200LA-AGRICOLA,Agrícola Oriental,3.4,24,19.4045905,-99.0695618,2652.3,154.0,100.2,1.54,0.172,89.0,121.3,2.98,121.2,2.4,0.1,121.6,73.1,155.6,99.4,52.6,36.4
Line A,Canal de San Juan,exacto+linea,0200LA-CANALSANJUAN,Canal de San Juan,4.2,25,19.3987557,-99.0594594,2815.1,137.6,110.0,1.25,0.186,158.5,121.5,2.47,121.4,2.7,0.1,121.3,73.1,147.9,115.5,52.6,74.1
Line A,Tepalcates,exacto+linea,0200LA-TEPALCATES,Tepalcates,7.4,30,19.3912288,-99.0463751,3149.5,150.5,122.8,1.23,0.17,86.7,117.8,1.68,121.1,7.0,3.3,121.4,74.1,155.8,120.1,52.6,34.1
Line A,La Paz,exacto+linea,0200LA-LAPAZ,La Paz,22.2,28,19.3504664,-98.9611266,6663.5,196.2,144.4,1.36,0.235,156.6,155.4,1.44,156.8,22.5,1.4,156.6,195.3,198.1,212.2,49.3,72.7
Line A,Guelatao,exacto+linea,0200LA-GUELATAO,Guelatao,0.6,26,19.3851494,-99.0356659,2887.9,164.9,95.0,1.74,0.184,92.7,121.2,3.05,121.5,0.8,0.3,121.5,75.5,160.9,101.7,52.1,40.6
Line A,Penon Viejo,exacto+linea,0200LA-PENONVIEJO,Penón Viejo,8.7,27,19.3733395,-99.017127,3048.9,134.4,131.4,1.02,0.173,84.6,125.7,2.0,127.5,1.6,1.8,40.4,78.8,144.7,130.8,52.1,32.5
Line A,Acatitla,exacto+linea,0200LA-ACATITLA,Acatitla,7.9,24,19.3647776,-99.0056254,2962.6,147.5,138.7,1.06,0.145,167.4,131.0,1.44,130.3,8.3,0.7,41.3,95.2,142.6,147.4,49.3,61.9
Line A,Santa Marta,exacto+linea,0200LA-STAMARTA,Santa Marta,6.8,40,19.3602652,-98.995136,3541.8,179.0,107.0,1.67,0.185,104.4,96.9,3.31,,,,95.3,145.9,186.4,118.2,49.3,55.1
Line A,Los Reyes,exacto+linea,0200LA-LOSREYES,Los Reyes,1.5,20,19.35904,-98.9768558,2575.0,177.6,61.6,2.88,0.235,64.0,80.4,6.7,80.5,0.1,0.1,80.4,74.9,182.0,63.1,49.3,14.7
